id_rest,id_OSM_rest,name,bbox
lon_8.6630029_lat_50.2542348,way/22568867,Schäferborn,"[8.662897964530508, 50.24947031826926, 8.669908546197345, 50.25396535035237]"
lon_11.3531491_lat_50.9378362,way/27549694,Habichtsfang,"[11.352126356256656, 50.93673132065365, 11.359239633490729, 50.941225820209745]"
lon_10.2712414_lat_53.331074,way/29376062,Roddau,"[10.264345359109937, 53.328233742563924, 10.27185045109661, 53.33272640802525]"
lon_9.6300119_lat_53.8303266,way/31128689,Steinburg,"[9.629200346595411, 53.82616873812249, 9.636794040458224, 53.83066102784824]"
lon_9.6297338_lat_53.8301666,way/31128716,Steinburg,"[9.628319773449437, 53.82730601524238, 9.63591342426016, 53.83179830514751]"
lon_9.2506723_lat_54.1383328,way/31130256,Dithmarscher Geest,"[9.249880364794192, 54.13419039869405, 9.257530331629754, 54.138682456557326]"
lon_11.0102562_lat_50.8353109,way/32489728,Dornheimer Rieth,"[11.00515037291373, 50.83361025985523, 11.012248193910354, 50.83810483807775]"
lon_12.1106921_lat_51.4564157,way/33183989,Kabelsketal,"[12.108515213790241, 51.45199990433795, 12.115708657458256, 51.45649400401503]"
lon_12.1076965_lat_51.4562754,way/33183997,Kabelsketal,"[12.10419865405531, 51.45211148128867, 12.111392068748117, 51.45660558110787]"
lon_10.1688328_lat_53.3457924,way/36826521,Luhewiesen,"[10.165171450449275, 53.342883706172024, 10.17267887465167, 53.347376361571605]"
lon_12.0315302_lat_51.2103528,way/37300878,Pörstental,"[12.025281352713918, 51.20705932659204, 12.032436375248835, 51.21155361623348]"
lon_10.7298729_lat_50.5605634,way/48949722,Adlersberg,"[10.72774340815404, 50.557965018387584, 10.734799567693273, 50.562459811243556]"
lon_8.7976979_lat_50.4392699,way/52983428,Stauferburg-Ost,"[8.793787734344175, 50.438793567739935, 8.800826153676834, 50.44328845315514]"
lon_8.7960067_lat_50.4414072,way/52983433,Stauferburg-West,"[8.792529595943948, 50.439145008653334, 8.799568038900967, 50.4436398939448]"
lon_9.0037966_lat_50.1997276,way/53086050,Auf der Pfingstweide West,"[8.999786604323932, 50.19611005582648, 9.006789403482548, 50.20060512922779]"
lon_9.006114_lat_50.1972118,way/53086051,Auf der Pfingstweide Ost,"[9.00239140220284, 50.19704861891809, 9.009394174767188, 50.20154369246083]"
lon_8.9264579_lat_50.3435768,way/53086053,Hohe Berg,"[8.922655355469622, 50.340110201838854, 8.929679281835163, 50.34460516339433]"
lon_8.9282225_lat_50.3458508,way/54583940,Auf der Nachtweide Ost,"[8.924399178718566, 50.34413658129256, 8.931423761927359, 50.34863153938699]"
lon_10.16857_lat_53.3461669,way/70564260,Grevelau,"[10.165750097602062, 53.34490059461648, 10.173257633550262, 53.34939324953421]"
lon_10.444298_lat_50.9932399,way/73313463,Hainich,"[10.44257347452607, 50.991365424769874, 10.449695063174437, 50.99585988223654]"
lon_10.4367549_lat_50.9933128,way/73313479,Hainich,"[10.435799395339538, 50.99101857182846, 10.442921012515056, 50.995513029150914]"
lon_9.9309273_lat_54.1889457,way/90143056,Dätgen,"[9.927293355312695, 54.186424166274996, 9.93495280879171, 54.19091618555478]"
lon_10.0774066_lat_53.2322212,way/90507492,Schaapskaben,"[10.072407117499903, 53.229082328694346, 10.079894660967543, 53.23357507016724]"
lon_10.0214344_lat_54.2446698,way/91566080,Rumohr,"[10.015871984171502, 54.240621146696036, 10.023541629003, 54.245113124686206]"
lon_8.4094366_lat_50.0433047,way/93591072,Johannispfad,"[8.409011324656127, 50.03909673075305, 8.415991399727055, 50.043591925594676]"
lon_8.409903_lat_50.0435443,way/93591083,Oberbach,"[8.409112125535428, 50.04175968302599, 8.416092312782189, 50.04625487726519]"
lon_12.484777_lat_51.9700491,way/93994405,Rosselquelle,"[12.48237931617097, 51.96824754251438, 12.48965489109225, 51.97274124620151]"
lon_12.6318286_lat_52.0445002,way/120078209,Hagen,"[12.627659215000403, 52.042763758717705, 12.634946671850134, 52.04725740622755]"
lon_9.6950885_lat_52.4313338,way/121486255,Godshorn,"[9.692730036960652, 52.42968213710821, 9.70008118501846, 52.43417548813695]"
lon_10.6158177_lat_53.5536922,way/123171842,Tramm,"[10.614373865224675, 53.550710640005924, 10.62191815741214, 53.5552031375906]"
lon_10.6284325_lat_53.5509146,way/123171843,Roseburg,"[10.626155179218765, 53.548995141313554, 10.633698983145498, 53.55348764097309]"
lon_9.9118833_lat_54.3141951,way/139793709,Hasenmoor,"[9.909839961683256, 54.313155417823424, 9.917522721045637, 54.317647342923415]"
lon_13.8513592_lat_51.4570059,way/141971889,Ruhlander Heide,"[13.84889373079586, 51.456441498694936, 13.856087547664165, 51.4609355965418]"
lon_13.8516172_lat_51.4581664,way/141971891,Elsteraue,"[13.847750187270089, 51.45727018358311, 13.854944229191476, 51.461764280326435]"
lon_11.8748503_lat_50.7596459,way/143398534,Rodaborn,"[11.867978184704354, 50.75702971484271, 11.875064260989836, 50.76152435318744]"
lon_14.125127_lat_51.7568185,way/150981943,Dubje,"[14.12402958354682, 51.753464141897666, 14.131270570599407, 51.75795801069875]"
lon_11.8452583_lat_50.957723,way/155825034,Kuhberg,"[11.843166341778254, 50.95629255653236, 11.850282685564956, 50.96078704054202]"
lon_11.8511459_lat_50.9610243,way/155825036,Kuhberg,"[11.845087655878517, 50.95784030762864, 11.852204348732835, 50.96233478986993]"
lon_12.2160563_lat_51.7230405,way/159737062,Mosigkauer Heide,"[12.213244482729326, 51.72248056632284, 12.220480496604804, 51.726974459060365]"
lon_10.1793156_lat_51.408897,way/162052596,Leinetal,"[10.17661316383671, 51.405913255816415, 10.183799148703518, 51.410407392132555]"
lon_10.6222227_lat_51.4346456,way/162053434,,"[10.619132748114135, 51.43281575351076, 10.626322909880853, 51.43730986929507]"
lon_10.7814825_lat_51.4714133,way/162054370,Rastplatz Kesselberg-Nord,"[10.776450096286162, 51.46997956098087, 10.783646186454817, 51.474473647685336]"
lon_11.042875_lat_51.4666501,way/162054994,Goldene Aue,"[11.041838116168412, 51.46593293487261, 11.049033378481093, 51.470427025633526]"
lon_11.0467665_lat_51.4688222,way/162054996,Goldene Aue,"[11.041622666550161, 51.467117654062996, 11.048818038710042, 51.47161174428558]"
lon_11.2298121_lat_51.4520557,way/162056057,Helmetal,"[11.223768099276612, 51.45177105745977, 11.230961037074138, 51.456265159618184]"
lon_11.225695_lat_51.4521931,way/162056063,Helmetal,"[11.223223508528516, 51.44894818297633, 11.23041630922695, 51.453442285807306]"
lon_11.721026_lat_51.4012188,way/162057690,Querfurter Platte Nord,"[11.716438287073196, 51.397608475064715, 11.723623191750338, 51.40210261669646]"
lon_11.997727_lat_51.2571166,way/162058211,Saaletal,"[11.99669354012757, 51.255019002948714, 12.003855805940994, 51.259513256542455]"
lon_12.2147233_lat_51.2415014,way/162059236,Fuchsaue Nord,"[12.214005808743245, 51.24097673563039, 12.221166008830675, 51.24547099949345]"
lon_9.7765986_lat_51.39495,way/162095818,Hedemünden,"[9.773179384987408, 51.391848547417254, 9.780363259874736, 51.39634269411882]"
lon_9.7800847_lat_51.3955138,way/162095820,Hackelberg,"[9.777287625768686, 51.39178085184203, 9.784471647447326, 51.39627499782079]"
lon_11.0524687_lat_52.2204778,way/162392659,Waldkater,"[11.050925273269797, 52.2183162081412, 11.058241555888806, 52.222809720504415]"
lon_9.6038325_lat_51.3476078,way/163685727,Staufenberg,"[9.602594026985685, 51.34632245546793, 9.609770752382783, 51.35081663742807]"
lon_10.1268892_lat_51.8569148,way/167989093,Schwalenberg-Ost,"[10.121789999221106, 51.85347754128832, 10.12904708200478, 51.85797133295739]"
lon_10.1230601_lat_51.8561527,way/167989110,Schwalenberg-West,"[10.122014122546808, 51.85361470140058, 10.129271226090381, 51.85810849297049]"
lon_10.9814416_lat_54.3623714,way/170362889,Ostseeblick,"[10.97961105117172, 54.36081529586926, 10.987302723535002, 54.36530718517852]"
lon_10.9810513_lat_54.3627005,way/170362890,Ostseeblick,"[10.977690874385141, 54.359565211077175, 10.985382673248344, 54.36405709987935]"
lon_14.2175841_lat_52.3368637,way/179313070,Kersdorfer See,"[14.216731934352765, 52.33374988734924, 14.224067387171544, 52.33824331071942]"
lon_14.222133_lat_52.3378744,way/179313071,Berliner Urstromtal,"[14.219648612622025, 52.334496323800856, 14.22698422831415, 52.33898974641793]"
lon_11.922428_lat_51.3459818,way/187165798,Geiseltal,"[11.919470613431987, 51.34455731718319, 11.92664701425019, 51.349051500746555]"
lon_11.9228882_lat_51.346147,way/187165800,Geiseltal,"[11.916651145920762, 51.34564657513052, 11.923827594338936, 51.35014075845875]"
lon_11.8732122_lat_50.759018,way/187418126,Rodaborn,"[11.869468070442823, 50.755909487935746, 11.876553985596262, 50.76040412710743]"
lon_9.2988549_lat_53.2031954,way/190348394,Glindbusch,"[9.293523754320713, 53.20046030465402, 9.301006148604205, 53.20495306853262]"
lon_9.2955316_lat_53.2000997,way/190348395,Glindbusch,"[9.295327370267758, 53.198272517835704, 9.302809671700507, 53.20276528211875]"
lon_9.4285484_lat_53.2538351,way/190667895,Hatzte,"[9.425450385326545, 53.25178685499108, 9.43294202780335, 53.25627957866107]"
lon_9.653454_lat_53.342582,way/191147682,Stellheide,"[9.652074921249897, 53.34030534112249, 9.659582031553958, 53.34479799787575]"
lon_9.6697291_lat_53.3475987,way/191150597,Stellheide,"[9.668387504323913, 53.346674401319305, 9.675895517112647, 53.35116705418107]"
lon_9.8233956_lat_52.5072277,way/201389697,Springhorst,"[9.822885800931136, 52.503269232825886, 9.830249452601734, 52.507762526555936]"
lon_9.1016757_lat_53.0145562,way/201628205,,"[9.098424909273069, 53.01427844588933, 9.105874840096911, 53.01877135210228]"
lon_9.4541541_lat_52.8865005,way/201732963,Hamwiede Süd,"[9.450694278839741, 52.88446983146312, 9.45812225565681, 52.88896283499617]"
lon_9.4711124_lat_52.8827146,way/201734481,Hamwiede Nord,"[9.4686197696399, 52.87899844031395, 9.476047050881586, 52.88349144694458]"
lon_9.6499469_lat_52.7971201,way/201921095,Krelinger Heide,"[9.649469312095842, 52.794242863178525, 9.656881929063598, 52.79873593531723]"
lon_9.7749645_lat_52.577053,way/202065755,Up´n Bummelskampe,"[9.774517559129688, 52.573347170941744, 9.781892835504866, 52.57784041166304]"
lon_9.7769111_lat_52.5742903,way/202066346,Osterriehe,"[9.772923770494343, 52.57377996222805, 9.78029910594231, 52.57827320268063]"
lon_9.7910429_lat_52.9061454,way/202258565,Dorfmark,"[9.785019877040837, 52.902251388109065, 9.792451029138393, 52.906744377512794]"
lon_9.679135_lat_52.8070774,way/202276064,Wolfsgrund Ost,"[9.676341998142359, 52.80710257346137, 9.68375681562513, 52.811595635745064]"
lon_9.6807029_lat_52.8134767,way/202276065,Wolfsgrund West,"[9.67731350452794, 52.80964023656845, 9.684728732369981, 52.81413329701534]"
lon_9.7597687_lat_52.8860299,way/202341654,Steinbach,"[9.754552698203922, 52.88239384387717, 9.761980356153435, 52.886886848830116]"
lon_9.9534437_lat_53.3780392,way/205198182,Sunderblick,"[9.946588866131298, 53.376422812229315, 9.954102098649136, 53.3809154426113]"
lon_9.9577331_lat_53.3781014,way/205198183,Hittfeld,"[9.956541001933283, 53.37597267421254, 9.964054246639458, 53.3804653045421]"
lon_9.8798749_lat_53.3889549,way/206005823,Rosengarten,"[9.878787340307499, 53.38892134811346, 9.886302737651993, 53.39341396918598]"
lon_13.8520632_lat_53.0925266,way/206622294,Wilmersdorfer Forst,"[13.849951164163855, 53.088659070740846, 13.857414432115036, 53.09315191825213]"
lon_7.3726926_lat_53.2222086,way/210112745,Rheiderland,"[7.3667632444059015, 53.21991059841969, 7.374249088244482, 53.224403347283065]"
lon_7.3693221_lat_53.2220034,way/210112746,Rheiderland,"[7.367942906716973, 53.219613227215, 7.375428894766888, 53.22410597545111]"
lon_12.0320348_lat_51.2100148,way/215817520,Pörstental,"[12.029943831843658, 51.20691738899292, 12.037098810641185, 51.211411678852365]"
lon_10.6333468_lat_52.2512109,way/216914010,Herzogsberge,"[10.627837927744409, 52.24687547322981, 10.635159209505055, 52.25136896231803]"
lon_10.6320454_lat_52.2513501,way/216914011,Herzogsberge,"[10.625307137443848, 52.247997818452205, 10.632628563899011, 52.25249130686748]"
lon_10.0413714_lat_53.3330705,way/217667294,Hasselhöhe,"[10.040640496063867, 53.32900028928099, 10.048145491640982, 53.333492955158455]"
lon_10.0385684_lat_53.3493845,way/217670991,Seevetal,"[10.038120706938997, 53.34522590852427, 10.045628544138161, 53.349718562143075]"
lon_9.6802586_lat_50.6048477,way/221257652,Hummelskopf,"[9.675924899460014, 50.60428326349534, 9.682988086678591, 50.608778019878116]"
lon_9.7447582_lat_50.4360417,way/221257679,Lohmühle,"[9.740541886464696, 50.43363476286056, 9.747579769019849, 50.43812965108734]"
lon_9.4723046_lat_51.1759244,way/221257680,Markwald,"[9.466135428681698, 51.174896006158434, 9.473285378467198, 51.17939032111102]"
lon_9.474156_lat_51.1815402,way/221257683,Quillerwald,"[9.46954638488373, 51.17832810712939, 9.476696936848866, 51.1828224190745]"
lon_9.6778656_lat_50.6230423,way/221257692,Rotkopf,"[9.675323855975714, 50.621380867974445, 9.682389655150219, 50.6258756108292]"
lon_11.1650168_lat_51.1280879,way/224344637,Thüringer Becken West,"[11.16258746949175, 51.126643237758216, 11.169730077611682, 51.13113758943901]"
lon_11.165322_lat_51.1277215,way/224344638,Thüringer Becken Ost,"[11.162845770192337, 51.12717866704882, 11.169988361052027, 51.131673018816095]"
lon_10.9544554_lat_50.9407623,way/224345904,Erfurter Becken - Ost,"[10.949533948160902, 50.93689360603472, 10.956647413103433, 50.941388104638605]"
lon_10.4537487_lat_50.4697772,way/224643772,Thüringer Tor,"[10.448127344461408, 50.46926436216754, 10.455170341285879, 50.473759223632484]"
lon_10.4530068_lat_50.4711034,way/224643777,Thüringer Tor,"[10.448108618798283, 50.46850734837449, 10.455151406458413, 50.47300221093279]"
lon_10.5152409_lat_52.0369274,way/224651732,Ziegenberg,"[10.51088227133818, 52.036369782598264, 10.518168849570332, 52.04086343425273]"
lon_10.5080423_lat_52.0491815,way/224652642,Werla,"[10.504871575853354, 52.04656585327941, 10.512159737371586, 52.051059497466284]"
lon_13.7777207_lat_53.5210372,way/225419226,Ravensmühle,"[13.77648392168024, 53.51867792990941, 13.784022322400533, 53.52317045255678]"
lon_9.4422125_lat_54.6154292,way/226085142,Jalmer Moor,"[9.435690974781004, 54.61395152598054, 9.443430583784508, 54.618443224921144]"
lon_10.6690769_lat_53.8037285,way/226621458,Auf dem Karkfeld,"[10.668259276711503, 53.799972496273824, 10.675848143730022, 53.80446480612918]"
lon_10.675298_lat_53.8007703,way/226621459,Auf dem Karkfeld,"[10.671004690512223, 53.79999917641067, 10.678593484087973, 53.80449148657261]"
lon_10.9549595_lat_50.9380515,way/239356478,Erfurter Becken - West,"[10.952275618243588, 50.93759514529261, 10.959389103250023, 50.94208964379471]"
lon_8.9424542_lat_53.0280869,way/240258682,Mahndorfer Marsch,"[8.93965068637191, 53.02639799495391, 8.947102946241687, 53.03089089089305]"
lon_8.6561041_lat_53.2118683,way/241240609,Bremer Schweiz,"[8.65534715002672, 53.20867981111525, 8.66283114643619, 53.21317256801752]"
lon_8.6583088_lat_53.2111443,way/241240610,Habichthorst,"[8.654380908927317, 53.20702074055705, 8.661864779842071, 53.21151349800561]"
lon_9.8969787_lat_52.4106715,way/241492234,Altwarmbüchener Moor,"[9.892436217791346, 52.40877061275233, 9.89978386835805, 52.41326397986118]"
lon_9.7695186_lat_54.2841989,way/241996816,Ohe Ost,"[9.76806310969399, 54.27990096638772, 9.77574000424633, 54.28439291510654]"
lon_11.3570959_lat_50.9374444,way/243445899,Habichtsfang,"[11.350392736796438, 50.934791008131604, 11.357505880477651, 50.93928550836521]"
lon_11.0708191_lat_50.9099067,way/244665458,Willroder Forst,"[11.06904071102441, 50.90748414830396, 11.076149742376948, 50.91197866941865]"
lon_11.070887_lat_50.9105953,way/244665463,Willroder Forst,"[11.068105285843457, 50.90804929849575, 11.075214454678646, 50.91254381891175]"
lon_10.8080134_lat_50.8782277,way/244665581,Drei Gleichen,"[10.80742788166168, 50.87648047436533, 10.814531991206517, 50.88097502051925]"
lon_10.1726923_lat_51.0086765,way/244666444,Burgberg,"[10.172121043157848, 51.00560095662397, 10.179245104805528, 51.01009540159579]"
lon_9.8774063_lat_50.9046737,way/244667547,Seulingswald,"[9.875621199243167, 50.90317705266624, 9.8827295867891, 50.90767157705326]"
lon_9.0527584_lat_52.2180625,way/244805250,Bruchwiese,"[9.049325912877617, 52.217007088497716, 9.05664181421545, 52.22150060263807]"
lon_9.423032_lat_52.3476048,way/244808059,Bad Nenndorf,"[9.417716404085699, 52.34355970186941, 9.42505347574846, 52.348053117756564]"
lon_9.4208246_lat_52.3458992,way/244808062,Bückethaler Knick,"[9.416811994388757, 52.345825369951754, 9.42414937816208, 52.350318784396755]"
lon_8.2630337_lat_53.1820056,way/244871735,Bornhorster Wiesen Ost,"[8.26045029921873, 53.1799393358481, 8.267929223334173, 53.184432114852676]"
lon_8.2596852_lat_53.1852074,way/244871736,Bornhorster Wiesen West,"[8.258331823611321, 53.18146564473996, 8.265811052338538, 53.185958422415936]"
lon_11.0100226_lat_50.8366037,way/245167702,Dornheimer Rieth,"[11.009201496140417, 50.836160335463816, 11.016299528309695, 50.840654912608066]"
lon_10.5316238_lat_50.5995636,way/245169771,Dolmar,"[10.528822151164254, 50.59718618648335, 10.53588438363895, 50.601680947814764]"
lon_11.6915015_lat_51.9435264,way/245171758,Dreihöhenberg,"[11.688908090440627, 51.93969528323394, 11.696179051088937, 51.94418900881173]"
lon_11.7205665_lat_51.7087958,way/245173175,Saaleaue,"[11.717794367975536, 51.70791279617717, 11.725028032476708, 51.71240670023976]"
lon_11.7174498_lat_51.7113852,way/245173181,Saaleaue,"[11.715778019902974, 51.70832475424752, 11.723011772675715, 51.7128186578844]"
lon_12.0055212_lat_51.5564663,way/245174355,Petersberg,"[12.000048247491018, 51.555873289775704, 12.007257743948825, 51.560367310985505]"
lon_12.0026469_lat_51.5585101,way/245174356,Petersberg,"[12.002258194665364, 51.555365429974906, 12.009467650743664, 51.55985945138142]"
lon_9.9061758_lat_51.6070521,way/246101163,Leineholz,"[9.90302449018951, 51.603003165869744, 9.91024160673498, 51.60749715001588]"
lon_9.9052624_lat_51.601567,way/246101170,Leineholz,"[9.900305156309544, 51.60046951798828, 9.907521812556984, 51.60496350436994]"
lon_9.9423746_lat_51.7161249,way/246102103,Schlochau-Ost,"[9.940203502897642, 51.715583134430695, 9.947438389208678, 51.72007703260223]"
lon_10.3839933_lat_53.9180845,way/258903440,Kronberg,"[10.38308365046564, 53.9156303776414, 10.390693422107127, 53.92012260059443]"
lon_10.3887051_lat_53.9187746,way/258903441,Kronberg,"[10.382146400904222, 53.915109306046176, 10.389756391694075, 53.919601528091995]"
lon_8.4102192_lat_53.0580627,way/264771711,,"[8.407367015383466, 53.055410396810345, 8.414824503417071, 53.05990326972237]"
lon_11.7774094_lat_50.5807536,way/272626083,Himmelsteiche,"[11.77375849906639, 50.57944727903447, 11.78081802910757, 50.583942054384096]"
lon_9.7731665_lat_53.7040762,way/286874829,Forst Rantzau,"[9.769477182047769, 53.70024417786308, 9.777048127280583, 53.70473656279694]"
lon_9.7685523_lat_53.7077592,way/286874830,Forst Rantzau,"[9.767590265965124, 53.705249532803286, 9.775161899739635, 53.70974191484281]"
lon_10.8893354_lat_50.4230805,way/288991130,Im Werratal,"[10.888600588410936, 50.4201393381601, 10.89563626314379, 50.424634237958045]"
lon_10.8907057_lat_50.4209612,way/288991137,Im Werratal,"[10.884502139263581, 50.41925850877631, 10.891537842699634, 50.42375340842375]"
lon_9.4507501_lat_50.3248577,way/289515207,Hundsrücker Berg,"[9.450605259741502, 50.323612975290864, 9.457626661313055, 50.32810795015906]"
lon_9.5406188_lat_50.9403942,way/293899021,Am Pommer,"[9.53909540117705, 50.93686860411265, 9.546208922810042, 50.941363102428966]"
lon_13.968411_lat_53.2173979,way/293946788,Rathsburgseen Süd,"[13.962113985698739, 53.21316114237657, 13.969598906120904, 53.21765389525734]"
lon_10.0335813_lat_51.7803957,way/295963764,Am Bierberg-Ost,"[10.03155443636658, 51.778377757409835, 10.038799487273632, 51.78287160668788]"
lon_10.0338812_lat_51.7811423,way/295963765,Am Bierberg,"[10.02812411657693, 51.77706626509742, 10.035369013856478, 51.78156011511289]"
lon_9.9386962_lat_53.6678072,way/296390971,Bönningstedt,"[9.933354892135629, 53.66594504997315, 9.940919689710224, 53.67043746078446]"
lon_9.9242982_lat_53.8199638,way/296494595,Moorkaten-Ost,"[9.923091124162646, 53.819249491292325, 9.930683406672614, 53.82374178689993]"
lon_9.9398139_lat_53.9224456,way/296503902,Sielsbrook,"[9.937435736855267, 53.92023270978388, 9.945046532068982, 53.924724928500275]"
lon_9.946725_lat_53.9405503,way/296503903,Bimöhlen,"[9.942311630225209, 53.93902237456803, 9.94992574016316, 53.94351457957636]"
lon_11.2514815_lat_51.3300061,way/296859455,Hohe Schrecke Ost,"[11.249768274611034, 51.329134795956946, 11.256942261782468, 51.333628991449025]"
lon_10.0752917_lat_53.2253978,way/299272616,Garlstorfer Wald,"[10.073295068191062, 53.22456274285946, 10.080781820982757, 53.22905548776982]"
lon_8.1980563_lat_52.7804098,way/299469055,Cappeln Hagelage Ost,"[8.19711728920606, 52.777805071650064, 8.204527220343342, 52.782298155829196]"
lon_8.2003211_lat_52.7862705,way/299469056,Cappeln Hagelage West,"[8.193410409849298, 52.78132986214512, 8.200820881771902, 52.7858229438989]"
lon_8.2810289_lat_52.8853475,way/299600733,Engelmannsbäke Nord,"[8.280525814186444, 52.88296387648571, 8.287953669587843, 52.88745688055939]"
lon_8.1745426_lat_52.7086937,way/301010787,Bakumer Wiesen Ost,"[8.168339648756504, 52.70787098164091, 8.175737552416148, 52.712364119900236]"
lon_11.7769971_lat_50.5810114,way/302623910,Himmelsteiche,"[11.77440619243793, 50.579734496124615, 11.781465771694812, 50.5842292712188]"
lon_10.1538882_lat_52.3604733,way/305047922,Röhrse Süd,"[10.15365855062297, 52.35794421832051, 10.16099791487092, 52.362437623618796]"
lon_8.5975012_lat_50.0004823,way/307073506,Kaiserstein,"[8.592778640723152, 49.99994901496101, 8.599752871297648, 50.00444424122929]"
lon_10.3229911_lat_53.7357901,way/310668098,Rehbrook West,"[10.318305587503657, 53.733626113195434, 10.325882439605868, 53.73811847332497]"
lon_10.2594398_lat_53.6359541,way/310735820,Ohlendieck,"[10.256369869348504, 53.63401495892143, 10.26392896337033, 53.63850739379751]"
lon_10.2493842_lat_53.6299917,way/310736042,Ellerbrook,"[10.245667573461846, 53.626649156560816, 10.253225376656, 53.63114159689082]"
lon_10.455208_lat_53.8050009,way/310736622,Melmshöhe,"[10.452588340948717, 53.80300787420548, 10.46017758059867, 53.807500182505464]"
lon_12.6432698_lat_52.3390277,way/344607450,Grebser Heide,"[12.642830257227173, 52.33497064234614, 12.650166016822856, 52.339464064297886]"
lon_12.6446278_lat_52.3391265,way/344608644,Rietzer See,"[12.639527001573313, 52.338278814930504, 12.646863056742863, 52.342772235515774]"
lon_9.7753836_lat_54.2766464,way/344828110,Ohe West,"[9.771272656568744, 54.273852105334925, 9.77894816187106, 54.278344059656504]"
lon_12.516355_lat_52.3415843,way/345597023,Temnitz,"[12.51282837516304, 52.33830990246369, 12.520164669567919, 52.34280332194306]"
lon_10.8414075_lat_52.3057505,way/345616137,Uhry,"[10.83837285575792, 52.30405794315293, 10.845703121540433, 52.3085513905335]"
lon_12.1425003_lat_53.2643763,way/347755345,Dorngrund Nord,"[12.141522842914302, 53.26116111588603, 12.149016106616688, 53.26565383252278]"
lon_12.1423532_lat_53.263714,way/347755346,Dorngrund Süd,"[12.14181853705359, 53.25955531914037, 12.149311637218998, 53.264048036486365]"
lon_9.2499078_lat_54.1380406,way/363875371,Dithmarscher Geest,"[9.245778209948403, 54.137091631530645, 9.253428484425973, 54.14158368814043]"
lon_9.7394653_lat_50.5111262,way/367969086,Rastplatz Pilgerzell,"[9.736597222964066, 50.50717200530021, 9.743645860553306, 50.51166683731611]"
lon_9.7335412_lat_50.3854139,way/368016602,Rastplatz Am Forsthaus,"[9.731626513990449, 50.38281026087715, 9.738656623809081, 50.38730518988937]"
lon_9.1106685_lat_50.7152858,way/368605258,Dottenberg,"[9.10901717564457, 50.71484583475352, 9.11609672575893, 50.7193405066363]"
lon_8.9660829_lat_50.6403329,way/368605259,Rastplatz Finkenwald,"[8.959952530477922, 50.6390536442767, 8.967020794516225, 50.64354837437906]"
lon_8.967664_lat_50.6400352,way/368605260,Rastplatz Heg-Berg,"[8.962534482499056, 50.637077624932836, 8.969602621818222, 50.641572355680125]"
lon_9.1042696_lat_50.7142736,way/368605261,Krachgarten,"[9.10390436549212, 50.71258893069446, 9.110983688768279, 50.71708360374463]"
lon_9.3510531_lat_50.7567778,way/368652898,Eifa,"[9.347371567772356, 50.75503112700104, 9.354457367909749, 50.75952576676301]"
lon_8.7562282_lat_50.5199458,way/368724793,Limes-Ost,"[8.753556359012482, 50.51877269671936, 8.760606719059087, 50.52326751975688]"
lon_8.7576588_lat_50.5220146,way/368724794,Limes-West,"[8.750725469063399, 50.518775633483976, 8.757775822078239, 50.52327045655813]"
lon_9.499416_lat_50.801026,way/368724795,Rastplatz Barnholz,"[9.494925528871095, 50.79956918970475, 9.502018007536213, 50.804063795237944]"
lon_9.4729545_lat_50.7936044,way/368724796,Raststätte Rimberg,"[9.46859276008388, 50.78930715687497, 9.475683938981348, 50.79380176906212]"
lon_9.3965197_lat_51.1916109,way/368790415,Am Sonnenborn,"[9.392188570951786, 51.18988419879831, 9.399340844401818, 51.19437850214995]"
lon_9.3955169_lat_51.1918568,way/368790417,Scharfenstein,"[9.392039083268992, 51.18894947127881, 9.399191243490806, 51.193443775195504]"
lon_13.9559485_lat_53.2109455,way/369329706,Rathsburgseen Nord,"[13.955387316601472, 53.20790626654658, 13.962871307617798, 53.212399023472315]"
lon_13.9017286_lat_51.6960837,way/370280807,,"[13.895754956202222, 51.69392277854119, 13.902986506486847, 51.69841669280473]"
lon_13.9503161_lat_52.3112817,way/370328681,Lebbiner Heide,"[13.949516830005482, 52.30945304832586, 13.95684806877588, 52.31394649119864]"
lon_13.9496292_lat_52.3118174,way/370328682,Briesenluch,"[13.948084516472099, 52.31042920830414, 13.955416003634861, 52.31492265002644]"
lon_11.6940307_lat_51.9416459,way/370382589,Dreihöhenberg,"[11.6887098670657, 51.9402757626758, 11.695980898439636, 51.94476948791777]"
lon_13.8491933_lat_53.0912185,way/370731225,Suckower Forst,"[13.843537059835679, 53.08873765112995, 13.85100034437912, 53.093230498568396]"
lon_13.7762186_lat_53.5200667,way/370732036,Ravensmühle,"[13.774261382663594, 53.51747863417167, 13.78179973372402, 53.52197115703055]"
lon_12.6186218_lat_52.0343636,way/371479295,Rabenstein,"[12.618535689125595, 52.033350611036774, 12.625821817980716, 52.037844264811625]"
lon_9.9397588_lat_53.6702339,way/371613557,Bönningstedt,"[9.935379614911657, 53.6684451014012, 9.942944924383553, 53.67293751005535]"
lon_7.5752644_lat_53.2596141,way/371977156,Nortmoor,"[7.573847274106212, 53.25699438528563, 7.581339654794961, 53.261487105752515]"
lon_11.9979819_lat_51.2573447,way/372003060,Saaletal,"[11.995794553719993, 51.25634050198524, 12.002956964566938, 51.26083475485831]"
lon_9.5327857_lat_50.9448923,way/372608183,Fuchsrain,"[9.527276625358851, 50.94387810458123, 9.534390968394966, 50.94837259873175]"
lon_8.6698347_lat_50.6184956,way/374597358,Silbersee,"[8.66890708879519, 50.61802890350488, 8.67597220880415, 50.62252364987576]"
lon_10.6559369_lat_52.3098001,way/374789761,Essehof Nord,"[10.648928129957714, 52.30965334079567, 10.656259239749506, 52.3141467842659]"
lon_13.9981944_lat_51.8273183,way/375034549,Rastplatz Belten - Wótpócywanišćo Běłośin,"[13.99284853906405, 51.824237747379286, 14.00010103575792, 51.82873156097272]"
lon_13.9980682_lat_51.8277903,way/375034553,Rastplatz Leipe - Wótpócywanišćo Lipje,"[13.993152851725073, 51.82511091675202, 14.000405537900841, 51.82960472943879]"
lon_12.8828997_lat_52.2006051,way/375645614,Borker Heide,"[12.87995533699992, 52.19897371800128, 12.88726864171651, 52.20346724425178]"
lon_12.8828606_lat_52.1997595,way/375645615,Zauche,"[12.87877522506948, 52.198253688016585, 12.886088310211077, 52.202747215291744]"
lon_12.3708436_lat_51.8676138,way/375646480,Kliekener Aue,"[12.370002407576491, 51.86690821086286, 12.377261490557567, 51.87140199298281]"
lon_12.3725814_lat_51.8669034,way/375646481,Kliekener Aue,"[12.370932325288619, 51.86612206117493, 12.378191275067577, 51.87061584393054]"
lon_12.2151522_lat_51.7240882,way/375646534,Mosigkauer Heide,"[12.211549597400602, 51.723133141560425, 12.2187857134805, 51.72762703380554]"
lon_12.2052029_lat_51.4908324,way/375646679,Kapellenberg,"[12.202733165469349, 51.488780394889076, 12.209932296753996, 51.49327446670434]"
lon_12.2060105_lat_51.4912736,way/375646680,Kapellenberg,"[12.20259222067797, 51.49019741197293, 12.209791420887475, 51.49469148345096]"
lon_12.5320732_lat_53.0701823,way/376036851,Autohof Herzsprung,"[12.527425551219343, 53.0670680854722, 12.5348848339311, 53.07156095049089]"
lon_9.9208466_lat_53.8213382,way/376516530,Moorkaten-West,"[9.919071983784345, 53.81822576815204, 9.92666418613339, 53.822718064093806]"
lon_12.4887602_lat_51.9716412,way/376544328,Rosselquelle,"[12.483910784140605, 51.96901399594983, 12.49118648750273, 51.97350769902821]"
lon_10.891129_lat_54.2412856,way/376558935,Damlos,"[10.889305446463611, 54.238302931188784, 10.89697447079776, 54.242794911688144]"
lon_10.8562049_lat_54.1557257,way/376559797,Hasselburger Mühle,"[10.852685360919198, 54.15263775891567, 10.860338562860099, 54.157129803605145]"
lon_10.856376_lat_54.1551497,way/376559800,Hasselburger Mühle,"[10.849171041187818, 54.15178302705537, 10.856824017492388, 54.15627507266313]"
lon_8.1724779_lat_52.7161796,way/376573721,Bakumer Wiesen West,"[8.166590859421591, 52.71227905421992, 8.173989575107557, 52.71677218881972]"
lon_8.1276012_lat_52.615531,way/376576072,Rastplatz Langwege-West,"[8.124044995628786, 52.612028891459225, 8.131426759701913, 52.616522102705844]"
lon_8.1265924_lat_52.6136756,way/376576073,Rastplatz Langwege-Ost,"[8.119811774254169, 52.61057140040766, 8.127193249681307, 52.61506461296398]"
lon_8.0307281_lat_52.4241709,way/376579966,Bramsche West,"[8.029413525107636, 52.42005894978912, 8.036763241026804, 52.42455230739949]"
lon_8.0316758_lat_52.415733,way/376580289,Ahrensfeld Ost,"[8.027220005218187, 52.411712641546636, 8.034568334150922, 52.41620600553481]"
lon_7.1021403_lat_52.3357035,way/376762078,Waldseite Nord,"[7.101548582011514, 52.33274025358412, 7.108884041158751, 52.337233676925045]"
lon_9.4719464_lat_54.5394819,way/376781990,Arenholzer See,"[9.47118610711424, 54.536265419010405, 9.478910870646226, 54.54075717652606]"
lon_9.5036584_lat_54.5050978,way/376781992,Hüsby,"[9.498611492705734, 54.50309526949449, 9.506329874276162, 54.507587052295484]"
lon_10.151289_lat_51.9784844,way/376783330,Ambergau,"[10.145003092497014, 51.975962342884145, 10.15227976992595, 51.98045604134701]"
lon_10.1521298_lat_51.9786026,way/376783331,Ambergau,"[10.150229106446378, 51.97535243051567, 10.157505835661794, 51.9798461287332]"
lon_9.4784635_lat_54.0053378,way/377030693,Kaaksburg,"[9.471433703400557, 54.00394101541265, 9.479059622066853, 54.008433171731625]"
lon_9.4792901_lat_54.0062045,way/377030695,Kaaksburg,"[9.472185160036153, 54.005100399768835, 9.479811249296139, 54.009592555386085]"
lon_7.5846163_lat_53.2588511,way/377033028,Brinkum,"[7.580884655715464, 53.256630427715606, 7.588376966712718, 53.261123148484835]"
lon_7.7998393_lat_53.2731154,way/377033346,Südgeorgsfehn,"[7.796866461428545, 53.2703160754664, 7.80436129121791, 53.27480878531344]"
lon_7.809923_lat_53.2756363,way/377033347,Südgeorgsfehn,"[7.8077858963254965, 53.27386377530269, 7.815281212058352, 53.278356483043815]"
lon_7.3966149_lat_52.3419031,way/377035676,Emstal-Süd,"[7.39595240870051, 52.33916004526712, 7.403288731232103, 52.34365346461647]"
lon_7.407395_lat_52.33904,way/377035677,Emstal Nord,"[7.4053818313799065, 52.336992068483475, 7.41271764935319, 52.341485490165326]"
lon_10.1798889_lat_51.0057808,way/383543609,Werratal,"[10.178243552312887, 51.003838155845806, 10.18536721473282, 51.008332602833846]"
lon_11.8562646_lat_51.4660138,way/385792613,Pappelgrund,"[11.851579506501725, 51.46340832041864, 11.858774508762853, 51.46790241245407]"
lon_11.857285_lat_51.4667145,way/385792614,Pappelgrund,"[11.85483414846943, 51.46456905017964, 11.862029179022835, 51.469063142076415]"
lon_13.7274294_lat_51.9932646,way/396012069,Krausnicker Berge,"[13.72432163371892, 51.9922508200596, 13.731601107540834, 51.99674450528242]"
lon_13.7259511_lat_51.9926105,way/414442340,Am Bugkgraben,"[13.722615571064468, 51.99210584365456, 13.729895017325452, 51.996599529007796]"
lon_8.5164535_lat_50.5923098,way/444247150,Kochsgrund,"[8.51327799038146, 50.589871369698734, 8.520338956301597, 50.59436613759808]"
lon_8.5219142_lat_50.5910157,way/444247151,Vogelsang,"[8.516066148804153, 50.59084521131756, 8.52312710416388, 50.59533997927168]"
lon_10.2127333_lat_54.1387697,way/465224139,Depenauer Moor,"[10.210146122762827, 54.13667974817786, 10.217796566093773, 54.141171804099734]"
lon_8.601339_lat_53.0351727,way/478639454,,"[8.60019929661803, 53.034345423182, 8.607652771792338, 53.03883831376407]"
lon_8.3213798_lat_53.0763179,way/478639455,Rastplatz Hemmelsberg,"[8.314547257638955, 53.07562471232967, 8.322008064810218, 53.08011757064799]"
lon_8.3918309_lat_53.0580378,way/478639457,,"[8.38816955997084, 53.05459525867603, 8.395627003481525, 53.05908813178395]"
lon_9.4436964_lat_50.7901379,way/482052573,Rastplatz Frohnkreuz,"[9.442049253044441, 50.78630222777703, 9.449140072493506, 50.79079684180496]"
lon_9.9017252_lat_52.9620913,way/496954442,Abelbeck-Kuhbusch,"[9.896743405749529, 52.961237717903224, 9.904184560151393, 52.96573066291749]"
lon_8.2878722_lat_50.7097059,way/509122229,Rastplatz Hirschkopf,"[8.285630305405846, 50.70630426821905, 8.292708832597732, 50.710798945367074]"
lon_9.4544286_lat_50.3278031,way/511172087,Weinberg,"[9.45056311102086, 50.32548407066187, 9.4575848862558, 50.329979043558914]"
lon_9.3286652_lat_54.8045491,way/518873223,Ellund,"[9.324893991111917, 54.80131746961855, 9.332669316872938, 54.80580902901051]"
lon_7.1699082_lat_52.7895152,way/542179382,Dankern,"[7.164051964192581, 52.786721798581, 7.171463194578953, 52.79121487693404]"
lon_8.3511087_lat_50.6250118,way/598383170,Rastplatz Volkersbach,"[8.344784006706103, 50.62217046661582, 8.351850013372172, 50.62666520839655]"
lon_8.2313263_lat_50.7463103,way/598742221,Auf dem Bon,"[8.227462184162865, 50.74543517224975, 8.234546335267366, 50.749929820478314]"
lon_11.9466188_lat_50.8889659,way/639457252,Tümmelsberg,"[11.94444924648949, 50.88713795422295, 11.951555043363513, 50.891632491786865]"
lon_8.5524082_lat_52.9532189,way/644581984,Delmetal Nord,"[8.551363936231235, 52.95118717501711, 8.558803490553997, 52.95568012712033]"
lon_7.0388979_lat_52.3124962,way/669127953,Bentheimer Wald,"[7.039067532410737, 52.310145765175214, 7.046399127288598, 52.31463920639863]"
lon_7.0475122_lat_52.3150498,way/669127954,De Poppe,"[7.0402022268002895, 52.3120426455721, 7.047534123523791, 52.316536085397665]"
lon_11.9467773_lat_50.8894919,way/693839444,Tümmelsberg,"[11.945530773356657, 50.88623744165059, 11.952636730467228, 50.890731978399074]"
lon_13.1525352_lat_52.3854871,way/737434427,Am Stern,"[13.148366503928132, 52.38228422179791, 13.155709889723292, 52.386777608545735]"
lon_13.1523908_lat_52.3828016,way/737434437,Parforceheide,"[13.147957407545514, 52.38274597202133, 13.15530078612334, 52.38723935880242]"
lon_11.7099428_lat_50.8741147,way/751898205,Rodablick,"[11.705880710365761, 50.87144776326971, 11.712984282703392, 50.8759423121598]"
lon_9.3607539_lat_54.7605641,way/760732462,Handewitter Forst,"[9.359841935191202, 54.75671988826813, 9.36760877026914, 54.76121148065896]"
lon_8.5326591_lat_52.9474104,way/761681919,Delmetal Süd,"[8.532231203646955, 52.94629342642782, 8.53966971595889, 52.95078638315002]"
lon_13.0690147_lat_52.7049792,way/781002595,Ziethener Luch,"[13.063914971180953, 52.70270106338583, 13.071312149110117, 52.70719420491678]"
lon_13.0680682_lat_52.7042058,way/781002596,Krämer Forst,"[13.061588321203542, 52.70176736188243, 13.068985286696792, 52.70626050437125]"
lon_8.2751069_lat_52.8833357,way/798626978,Engelmannsbäke Süd,"[8.273704440415388, 52.87964136080956, 8.281131882103681, 52.88413436672561]"
lon_7.2412833_lat_53.0872526,way/837507547,Olle Rheen Ost,"[7.2357392296809895, 53.083549124897104, 7.243201577593711, 53.08804197644766]"
lon_7.2401552_lat_53.0870132,way/837507548,Olle Rheen West,"[7.233178511239151, 53.084772999251335, 7.240640825407395, 53.089265850950085]"
lon_12.7592133_lat_52.8776048,way/915630045,Ruppiner See,"[12.758484606101566, 52.87419746523563, 12.76591085157199, 52.878690476480465]"
lon_12.7580653_lat_52.8778128,way/915630046,Am Rhinluch,"[12.75368882117208, 52.8741519530031, 12.761115088574911, 52.87864496415021]"
lon_8.3300319_lat_53.0714671,way/986308438,Rastplatz Hemmelsberg,"[8.329073649410885, 53.06944769660102, 8.336533313434524, 53.07394055994336]"
lon_7.2005154_lat_52.2816225,way/988014767,Gut Friedrichstal,"[7.195026519474927, 52.2793045678084, 7.202352869581665, 52.28379803334826]"
lon_8.5597202_lat_49.5969765,way/992004892,Wildbahn,"[8.558676602298563, 49.593870075095296, 8.565592712476542, 49.59836561825383]"
lon_10.7306355_lat_50.559048,way/1171916133,Adlersberg,"[10.725583516389634, 50.55816700574686, 10.732639639535325, 50.562661798792014]"
lon_8.6089092_lat_49.5422193,way/1172007491,,"[8.603044399624327, 49.53893760085933, 8.609952977999175, 49.54343318567273]"
lon_9.7695159_lat_52.5102873,way/1192709800,Rastplatz Bissendorf Süd,"[9.76363198245859, 52.50844373354698, 9.770996488009958, 52.51293702337474]"
